Модель,Лучшие гиперпараметры,MAE_train,MSE_train,RMSE_train,R2_train,MAE_test,MSE_test,RMSE_test,R2_test
Ridge,"{""model__alpha"": 100.0}",371.2244078491628,215966.96857488656,464.7224640308305,0.00812570955411751,359.89298728405424,209961.27532540602,458.2153154635995,-0.028685564033845257
Lasso,"{""model__alpha"": 10.0}",372.4309938658155,217736.22993877763,466.6221490014995,0.0,360.30625128445126,210162.5656300204,458.4349088256919,-0.029671766990632786
DummyRegressor,"{""model__strategy"": ""median""}",372.3284998590701,217782.96690731894,466.6722264151992,-0.0002146494800359111,361.30373957600193,211273.34821981195,459.64480658418404,-0.03511394204471241
SVR,"{""model__C"": 0.1, ""model__kernel"": ""rbf""}",372.25193524447053,217725.8137592566,466.6109876109398,4.783852243583908e-05,361.3424717918409,211304.5537750841,459.6787506238287,-0.03526683073419279
LinearRegression,"{""model__fit_intercept"": true}",368.3987221839915,212351.595203553,460.81622714868996,0.02473008160717516,362.85458406304724,213381.58413414136,461.9324454226412,-0.04544304605347427
GradientBoostingRegressor,"{""model__learning_rate"": 0.05, ""model__max_depth"": 2, ""model__n_estimators"": 100}",334.53626053478683,174455.5738818143,417.6787927125512,0.19877562897609102,365.76192264016026,213518.0597279442,462.0801442693077,-0.04611169541736437
RandomForestRegressor,"{""model__max_depth"": 8, ""model__min_samples_leaf"": 1, ""model__n_estimators"": 300}",251.57523867087042,94157.93798731774,306.85165469216184,0.5675596201248053,371.04402932866645,215173.26018251406,463.867718409585,-0.0542211947074569
DecisionTreeRegressor,"{""model__max_depth"": 3, ""model__min_samples_leaf"": 5}",355.1648680355853,197981.9254634385,444.9515990121156,0.09072584971685049,376.59439959671454,221786.41713416507,470.94205284107414,-0.08662173656123495
KNeighborsRegressor,"{""model__n_neighbors"": 11, ""model__weights"": ""distance""}",0.0,0.0,0.0,1.0,376.9503223669125,235393.13717204263,485.1733063267626,-0.15328658442483056
