,минимум до,максимум до,минимум после,максимум после
Соотношение матрица-наполнитель,0.547391007365624,5.3141436851035,0.0,1.0
"Плотность, кг/м3",1784.48224524858,2161.56521646388,0.0,1.0
"модуль упругости, ГПа",2.4369087535075,1649.41570587587,0.0,1.0
"Количество отвердителя, м.%",38.6685003343557,181.82844779488,0.0,1.0
"Содержание эпоксидных групп,%_2",15.6958938036288,28.9550943746499,0.0,1.0
"Температура вспышки, С_2",179.37439137039,386.067991779505,0.0,1.0
"Поверхностная плотность, г/м2",0.603739925153945,1291.34011463545,0.0,1.0
"Модуль упругости при растяжении, ГПа",65.5533359100584,81.4171259444738,0.0,1.0
"Прочность при растяжении, МПа",1250.39280220501,3705.67252336168,0.0,1.0
"Потребление смолы, г/м2",63.6856983307984,359.052219789673,0.0,1.0
"Угол нашивки, град",0.0,90.0,0.0,1.0
Шаг нашивки,0.0376389366987437,13.732404403383,0.0,0.9999999999999999
Плотность нашивки,27.2729280063294,86.0124270098611,0.0,1.0
